1,Teclado Mecanico
2,Bateria
3,Cabo HDMI
4,Bateria
5,Teclado Mecanico
6,Bateria
7,Monitor UltraWide
8,Bateria
9,Bateria
10,Monitor UltraWide
11,Mouse Gamer
12,Mouse Gamer
13,Mouse Gamer
14,Bateria
15,Cabo HDMI
16,Bateria
17,Bateria
18,Bateria
19,Mouse Gamer
20,Teclado Mecanico
21,Cabo HDMI
22,Bateria
23,Teclado Mecanico
24,Monitor UltraWide
25,Cabo HDMI
26,Bateria
27,Cabo HDMI
28,Bateria
29,Mouse Gamer
30,Mouse Gamer
31,Mouse Gamer
32,Teclado Mecanico
33,Teclado Mecanico
34,Mouse Gamer
35,Cabo HDMI
36,Bateria
37,Cabo HDMI
38,Mouse Gamer
39,Mouse Gamer
40,Teclado Mecanico
41,Cabo HDMI
42,Teclado Mecanico
43,Cabo HDMI
44,Bateria
45,Cabo HDMI
46,Mouse Gamer
47,Cabo HDMI
48,Mouse Gamer
49,Monitor UltraWide
50,Bateria
51,Cabo HDMI
52,Cabo HDMI
53,Cabo HDMI
54,Mouse Gamer
55,Monitor UltraWide
56,Bateria
57,Cabo HDMI
58,Teclado Mecanico
59,Bateria
60,Mouse Gamer
61,Bateria
62,Mouse Gamer
63,Monitor UltraWide
64,Mouse Gamer
65,Monitor UltraWide
66,Cabo HDMI
67,Teclado Mecanico
68,Bateria
69,Mouse Gamer
70,Bateria
71,Mouse Gamer
72,Monitor UltraWide
73,Cabo HDMI
74,Bateria
75,Teclado Mecanico
76,Cabo HDMI
77,Cabo HDMI
78,Teclado Mecanico
79,Teclado Mecanico
80,Bateria
81,Cabo HDMI
82,Cabo HDMI
83,Bateria
84,Monitor UltraWide
85,Monitor UltraWide
86,Mouse Gamer
87,Mouse Gamer
88,Cabo HDMI
89,Cabo HDMI
90,Mouse Gamer
91,Bateria
92,Bateria
93,Bateria
94,Cabo HDMI
95,Monitor UltraWide
96,Mouse Gamer
97,Teclado Mecanico
98,Cabo HDMI
99,Mouse Gamer
100,Teclado Mecanico
101,Monitor UltraWide
102,Mouse Gamer
103,Teclado Mecanico
104,Mouse Gamer
105,Cabo HDMI
106,Cabo HDMI
107,Bateria
108,Cabo HDMI
109,Teclado Mecanico
110,Bateria
111,Monitor UltraWide
112,Teclado Mecanico
113,Teclado Mecanico
114,Cabo HDMI
115,Bateria
116,Bateria
117,Teclado Mecanico
118,Bateria
119,Mouse Gamer
120,Bateria
121,Monitor UltraWide
122,Bateria
123,Monitor UltraWide
124,Mouse Gamer
125,Monitor UltraWide
126,Cabo HDMI
127,Mouse Gamer
128,Mouse Gamer
129,Bateria
130,Mouse Gamer
131,Mouse Gamer
132,Cabo HDMI
133,Mouse Gamer
134,Bateria
135,Bateria
136,Cabo HDMI
137,Cabo HDMI
138,Teclado Mecanico
139,Bateria
140,Monitor UltraWide
141,Teclado Mecanico
142,Mouse Gamer
143,Teclado Mecanico
144,Bateria
145,Teclado Mecanico
146,Monitor UltraWide
147,Mouse Gamer
148,Mouse Gamer
149,Teclado Mecanico
150,Mouse Gamer
151,Mouse Gamer
152,Teclado Mecanico
153,Cabo HDMI
154,Monitor UltraWide
155,Mouse Gamer
156,Mouse Gamer
157,Monitor UltraWide
158,Cabo HDMI
159,Cabo HDMI
160,Cabo HDMI
161,Monitor UltraWide
162,Cabo HDMI
163,Cabo HDMI
164,Mouse Gamer
165,Mouse Gamer
166,Mouse Gamer
167,Monitor UltraWide
168,Mouse Gamer
169,Monitor UltraWide
170,Cabo HDMI
171,Cabo HDMI
172,Cabo HDMI
173,Mouse Gamer
174,Teclado Mecanico
175,Bateria
176,Cabo HDMI
177,Bateria
178,Bateria
179,Cabo HDMI
180,Cabo HDMI
181,Monitor UltraWide
182,Teclado Mecanico
183,Cabo HDMI
184,Bateria
185,Bateria
186,Bateria
187,Bateria
188,Cabo HDMI
189,Teclado Mecanico
190,Bateria
191,Cabo HDMI
192,Cabo HDMI
193,Mouse Gamer
194,Monitor UltraWide
195,Teclado Mecanico
196,Teclado Mecanico
197,Bateria
198,Bateria
199,Mouse Gamer
200,Mouse Gamer
201,Teclado Mecanico
202,Mouse Gamer
203,Monitor UltraWide
204,Bateria
205,Teclado Mecanico
206,Cabo HDMI
207,Monitor UltraWide
208,Monitor UltraWide
209,Bateria
210,Monitor UltraWide
211,Mouse Gamer
212,Bateria
213,Mouse Gamer
214,Cabo HDMI
215,Monitor UltraWide
216,Bateria
217,Bateria
218,Mouse Gamer
219,Monitor UltraWide
220,Teclado Mecanico
221,Monitor UltraWide
222,Teclado Mecanico
223,Mouse Gamer
224,Cabo HDMI
225,Teclado Mecanico
226,Mouse Gamer
227,Bateria
228,Monitor UltraWide
229,Cabo HDMI
230,Monitor UltraWide
231,Mouse Gamer
232,Mouse Gamer
233,Cabo HDMI
234,Bateria
235,Bateria
236,Cabo HDMI
237,Monitor UltraWide
238,Mouse Gamer
239,Cabo HDMI
240,Teclado Mecanico
241,Teclado Mecanico
242,Bateria
243,Teclado Mecanico
244,Bateria
245,Mouse Gamer
246,Monitor UltraWide
247,Bateria
248,Teclado Mecanico
249,Monitor UltraWide
250,Mouse Gamer
251,Mouse Gamer
252,Cabo HDMI
253,Monitor UltraWide
254,Teclado Mecanico
255,Bateria
256,Bateria
257,Monitor UltraWide
258,Bateria
259,Teclado Mecanico
260,Cabo HDMI
261,Mouse Gamer
262,Monitor UltraWide
263,Monitor UltraWide
264,Teclado Mecanico
265,Cabo HDMI
266,Teclado Mecanico
267,Teclado Mecanico
268,Teclado Mecanico
269,Cabo HDMI
270,Bateria
271,Bateria
272,Teclado Mecanico
273,Bateria
274,Monitor UltraWide
275,Cabo HDMI
276,Bateria
277,Mouse Gamer
278,Teclado Mecanico
279,Mouse Gamer
280,Teclado Mecanico
281,Teclado Mecanico
282,Teclado Mecanico
283,Bateria
284,Bateria
285,Cabo HDMI
286,Teclado Mecanico
287,Teclado Mecanico
288,Cabo HDMI
289,Monitor UltraWide
290,Teclado Mecanico
291,Bateria
292,Monitor UltraWide
293,Monitor UltraWide
294,Mouse Gamer
295,Bateria
296,Monitor UltraWide
297,Cabo HDMI
298,Teclado Mecanico
299,Bateria
300,Monitor UltraWide
301,Monitor UltraWide
302,Cabo HDMI
303,Monitor UltraWide
304,Teclado Mecanico
305,Mouse Gamer
306,Cabo HDMI
307,Bateria
308,Monitor UltraWide
309,Mouse Gamer
310,Teclado Mecanico
311,Monitor UltraWide
312,Teclado Mecanico
313,Cabo HDMI
314,Teclado Mecanico
315,Teclado Mecanico
316,Monitor UltraWide
317,Mouse Gamer
318,Teclado Mecanico
319,Bateria
320,Bateria
321,Mouse Gamer
322,Bateria
323,Monitor UltraWide
324,Mouse Gamer
325,Mouse Gamer
326,Monitor UltraWide
327,Mouse Gamer
328,Cabo HDMI
329,Cabo HDMI
330,Teclado Mecanico
331,Cabo HDMI
332,Teclado Mecanico
333,Bateria
334,Cabo HDMI
335,Cabo HDMI
336,Bateria
337,Bateria
338,Bateria
339,Mouse Gamer
340,Cabo HDMI
341,Teclado Mecanico
342,Mouse Gamer
343,Monitor UltraWide
344,Mouse Gamer
345,Teclado Mecanico
346,Mouse Gamer
347,Mouse Gamer
348,Bateria
349,Bateria
350,Mouse Gamer
351,Cabo HDMI
352,Teclado Mecanico
353,Mouse Gamer
354,Bateria
355,Mouse Gamer
356,Monitor UltraWide
357,Teclado Mecanico
358,Monitor UltraWide
359,Teclado Mecanico
360,Mouse Gamer
361,Monitor UltraWide
362,Bateria
363,Bateria
364,Cabo HDMI
365,Teclado Mecanico
366,Bateria
367,Monitor UltraWide
368,Cabo HDMI
369,Monitor UltraWide
370,Cabo HDMI
371,Monitor UltraWide
372,Teclado Mecanico
373,Monitor UltraWide
374,Bateria
375,Bateria
376,Monitor UltraWide
377,Cabo HDMI
378,Mouse Gamer
379,Bateria
380,Mouse Gamer
381,Teclado Mecanico
382,Bateria
383,Bateria
384,Cabo HDMI
385,Teclado Mecanico
386,Bateria
387,Bateria
388,Cabo HDMI
389,Bateria
390,Bateria
391,Cabo HDMI
392,Cabo HDMI
393,Bateria
394,Teclado Mecanico
395,Cabo HDMI
396,Monitor UltraWide
397,Cabo HDMI
398,Monitor UltraWide
399,Monitor UltraWide
400,Bateria
401,Teclado Mecanico
402,Monitor UltraWide
403,Monitor UltraWide
404,Teclado Mecanico
405,Monitor UltraWide
406,Monitor UltraWide
407,Monitor UltraWide
408,Cabo HDMI
409,Monitor UltraWide
410,Cabo HDMI
411,Monitor UltraWide
412,Monitor UltraWide
413,Monitor UltraWide
414,Bateria
415,Monitor UltraWide
416,Monitor UltraWide
417,Teclado Mecanico
418,Teclado Mecanico
419,Cabo HDMI
420,Teclado Mecanico
421,Mouse Gamer
422,Mouse Gamer
423,Teclado Mecanico
424,Cabo HDMI
425,Cabo HDMI
426,Monitor UltraWide
427,Mouse Gamer
428,Mouse Gamer
429,Cabo HDMI
430,Monitor UltraWide
431,Teclado Mecanico
432,Cabo HDMI
433,Bateria
434,Mouse Gamer
435,Bateria
436,Teclado Mecanico
437,Mouse Gamer
438,Teclado Mecanico
439,Cabo HDMI
440,Mouse Gamer
441,Teclado Mecanico
442,Mouse Gamer
443,Monitor UltraWide
444,Monitor UltraWide
445,Teclado Mecanico
446,Mouse Gamer
447,Teclado Mecanico
448,Bateria
449,Bateria
450,Monitor UltraWide
451,Mouse Gamer
452,Teclado Mecanico
453,Bateria
454,Teclado Mecanico
455,Teclado Mecanico
456,Monitor UltraWide
457,Mouse Gamer
458,Monitor UltraWide
459,Cabo HDMI
460,Monitor UltraWide
461,Monitor UltraWide
462,Cabo HDMI
463,Bateria
464,Mouse Gamer
465,Teclado Mecanico
466,Bateria
467,Mouse Gamer
468,Mouse Gamer
469,Teclado Mecanico
470,Cabo HDMI
471,Bateria
472,Mouse Gamer
473,Cabo HDMI
474,Teclado Mecanico
475,Teclado Mecanico
476,Teclado Mecanico
477,Monitor UltraWide
478,Bateria
479,Monitor UltraWide
480,Mouse Gamer
481,Bateria
482,Teclado Mecanico
483,Teclado Mecanico
484,Monitor UltraWide
485,Monitor UltraWide
486,Bateria
487,Monitor UltraWide
488,Cabo HDMI
489,Cabo HDMI
490,Teclado Mecanico
491,Bateria
492,Teclado Mecanico
493,Cabo HDMI
494,Cabo HDMI
495,Teclado Mecanico
496,Cabo HDMI
497,Cabo HDMI
498,Mouse Gamer
499,Teclado Mecanico
500,Bateria
501,Monitor UltraWide
502,Mouse Gamer
503,Mouse Gamer
504,Cabo HDMI
505,Teclado Mecanico
506,Mouse Gamer
507,Bateria
508,Teclado Mecanico
509,Bateria
510,Cabo HDMI
511,Bateria
512,Cabo HDMI
513,Cabo HDMI
514,Teclado Mecanico
515,Teclado Mecanico
516,Cabo HDMI
517,Cabo HDMI
518,Monitor UltraWide
519,Monitor UltraWide
520,Bateria
521,Bateria
522,Mouse Gamer
523,Mouse Gamer
524,Bateria
525,Cabo HDMI
526,Teclado Mecanico
527,Cabo HDMI
528,Mouse Gamer
529,Monitor UltraWide
530,Teclado Mecanico
531,Mouse Gamer
532,Mouse Gamer
533,Cabo HDMI
534,Mouse Gamer
535,Mouse Gamer
536,Mouse Gamer
537,Monitor UltraWide
538,Cabo HDMI
539,Cabo HDMI
540,Bateria
541,Teclado Mecanico
542,Cabo HDMI
543,Mouse Gamer
544,Mouse Gamer
545,Mouse Gamer
546,Cabo HDMI
547,Bateria
548,Monitor UltraWide
549,Cabo HDMI
550,Cabo HDMI
551,Monitor UltraWide
552,Cabo HDMI
553,Cabo HDMI
554,Mouse Gamer
555,Cabo HDMI
556,Bateria
557,Cabo HDMI
558,Monitor UltraWide
559,Teclado Mecanico
560,Teclado Mecanico
561,Cabo HDMI
562,Monitor UltraWide
563,Cabo HDMI
564,Mouse Gamer
565,Mouse Gamer
566,Cabo HDMI
567,Mouse Gamer
568,Bateria
569,Cabo HDMI
570,Monitor UltraWide
571,Monitor UltraWide
